epoch,time,train/box_loss,train/cls_loss,train/dfl_loss,metrics/precision(B),metrics/recall(B),metrics/mAP50(B),metrics/mAP50-95(B),val/box_loss,val/cls_loss,val/dfl_loss,lr/pg0,lr/pg1,lr/pg2
1,418.513,2.00216,2.22907,1.88925,0.4921,0.37548,0.365,0.16887,1.8668,1.83878,1.79342,0.00332944,0.00332944,0.00332944
2,831.389,1.76766,1.6637,1.68965,0.55567,0.39698,0.41911,0.20885,1.75417,1.68747,1.70235,0.00665947,0.00665947,0.00665947
3,1234.05,1.68145,1.56023,1.62479,0.55387,0.4237,0.43912,0.22447,1.68751,1.60202,1.65172,0.00998621,0.00998621,0.00998621
4,1635,1.61289,1.47431,1.57511,0.5897,0.44769,0.48438,0.25953,1.62064,1.49774,1.5999,0.00998515,0.00998515,0.00998515
5,2035.27,1.54745,1.39473,1.52607,0.61233,0.47041,0.51541,0.28329,1.53838,1.45162,1.54862,0.0099802,0.0099802,0.0099802
6,2436.16,1.4993,1.34353,1.49599,0.61692,0.48092,0.52581,0.28864,1.52599,1.40532,1.52258,0.00997525,0.00997525,0.00997525
7,2839.99,1.46365,1.29694,1.47005,0.64318,0.49994,0.55094,0.31119,1.47715,1.33371,1.4954,0.0099703,0.0099703,0.0099703
8,3244.06,1.43106,1.26431,1.44631,0.64765,0.50849,0.56173,0.32112,1.43371,1.30272,1.47744,0.00996535,0.00996535,0.00996535
9,3649.34,1.40547,1.23396,1.42809,0.6524,0.5167,0.5699,0.32901,1.42716,1.27223,1.4647,0.0099604,0.0099604,0.0099604
10,4052.68,1.38105,1.20699,1.41174,0.66079,0.52785,0.58443,0.34504,1.37714,1.22687,1.43067,0.00995545,0.00995545,0.00995545
11,4456.92,1.3625,1.19011,1.39631,0.66142,0.54155,0.59363,0.35341,1.3582,1.2089,1.41762,0.0099505,0.0099505,0.0099505
12,4857.91,1.34822,1.17035,1.38724,0.66773,0.54503,0.59985,0.35912,1.34435,1.19073,1.40736,0.00994555,0.00994555,0.00994555
13,5259.92,1.33007,1.15343,1.3763,0.66541,0.55963,0.60835,0.3666,1.32061,1.16656,1.39181,0.0099406,0.0099406,0.0099406
14,5661.97,1.32148,1.13753,1.36907,0.67319,0.56077,0.61503,0.37415,1.29792,1.1516,1.38151,0.00993565,0.00993565,0.00993565
15,6065.51,1.30688,1.12972,1.35828,0.67358,0.56741,0.62107,0.37911,1.29169,1.13629,1.3704,0.0099307,0.0099307,0.0099307
16,6469.74,1.29619,1.11758,1.35335,0.68135,0.57082,0.62401,0.38465,1.26922,1.12985,1.35911,0.00992575,0.00992575,0.00992575
17,6873.18,1.28464,1.10495,1.34362,0.68073,0.57354,0.62883,0.38785,1.2613,1.10902,1.35361,0.0099208,0.0099208,0.0099208
18,7276.89,1.27653,1.09525,1.33926,0.68317,0.58363,0.63546,0.39353,1.25475,1.09483,1.34986,0.00991585,0.00991585,0.00991585
19,7681.12,1.26633,1.08781,1.33476,0.68094,0.5841,0.63661,0.39706,1.24172,1.08744,1.34205,0.0099109,0.0099109,0.0099109
20,8086.32,1.2517,1.07838,1.32385,0.68223,0.58843,0.64218,0.40108,1.23151,1.07417,1.3352,0.00990595,0.00990595,0.00990595
21,8489.5,1.25184,1.07473,1.32168,0.68283,0.5957,0.6459,0.40443,1.22488,1.06714,1.32788,0.009901,0.009901,0.009901
22,8895.32,1.2439,1.06683,1.3173,0.68835,0.59387,0.64825,0.4075,1.21447,1.05833,1.32557,0.00989605,0.00989605,0.00989605
23,9298.19,1.23351,1.05797,1.31114,0.68485,0.59855,0.65095,0.40987,1.21073,1.05228,1.32126,0.0098911,0.0098911,0.0098911
24,9703.65,1.23078,1.05222,1.30557,0.68675,0.60187,0.65365,0.41335,1.20031,1.04477,1.31359,0.00988615,0.00988615,0.00988615
25,10108.4,1.22354,1.04943,1.30437,0.68609,0.60425,0.65571,0.41594,1.19506,1.03947,1.3106,0.0098812,0.0098812,0.0098812
26,10509.4,1.21865,1.04262,1.29883,0.68741,0.6057,0.65736,0.41821,1.18939,1.0317,1.30788,0.00987625,0.00987625,0.00987625
27,10914,1.21225,1.03498,1.29525,0.68922,0.6074,0.65837,0.4196,1.1856,1.02757,1.30525,0.0098713,0.0098713,0.0098713
28,11315.6,1.20677,1.02941,1.28935,0.6932,0.6071,0.6606,0.42162,1.17966,1.0219,1.30157,0.00986635,0.00986635,0.00986635
29,11718.3,1.19925,1.02766,1.28599,0.6897,0.61294,0.66234,0.42314,1.17419,1.01966,1.29803,0.0098614,0.0098614,0.0098614
30,12120.6,1.19758,1.0253,1.28559,0.68981,0.61383,0.66326,0.42465,1.16719,1.01513,1.29354,0.00985645,0.00985645,0.00985645
31,12521.8,1.19303,1.02107,1.27999,0.6878,0.61476,0.66506,0.42595,1.16516,1.01139,1.29219,0.0098515,0.0098515,0.0098515
32,12924.5,1.18858,1.01332,1.27586,0.68932,0.61498,0.66629,0.42736,1.16311,1.00954,1.29074,0.00984655,0.00984655,0.00984655
33,13327.3,1.18596,1.01175,1.27573,0.68645,0.61864,0.66766,0.42867,1.16112,1.00541,1.28891,0.0098416,0.0098416,0.0098416
34,13731.9,1.18112,1.00685,1.27043,0.68874,0.6177,0.66873,0.42961,1.15916,1.004,1.28728,0.00983665,0.00983665,0.00983665
35,14134.1,1.17664,1.0028,1.27011,0.68793,0.61991,0.66938,0.43053,1.15606,1.00035,1.28561,0.0098317,0.0098317,0.0098317
36,14535.9,1.1755,1.00367,1.26993,0.68873,0.6211,0.67041,0.43151,1.15243,0.9974,1.28371,0.00982675,0.00982675,0.00982675
37,14938.4,1.17136,0.99922,1.26676,0.68969,0.62246,0.67124,0.4324,1.15033,0.99619,1.28234,0.0098218,0.0098218,0.0098218
38,15340.9,1.16726,0.99599,1.26301,0.68992,0.62285,0.67213,0.43338,1.14828,0.99397,1.28112,0.00981685,0.00981685,0.00981685
39,15743.1,1.16211,0.9946,1.26158,0.69168,0.62353,0.67224,0.43379,1.14583,0.99312,1.27932,0.0098119,0.0098119,0.0098119
40,16145.8,1.15903,0.99093,1.25908,0.69077,0.62655,0.67311,0.4344,1.14358,0.99141,1.27802,0.00980695,0.00980695,0.00980695
41,16548.7,1.15744,0.98729,1.25552,0.69116,0.62599,0.67336,0.43501,1.14213,0.98998,1.2769,0.009802,0.009802,0.009802
42,16951.7,1.15428,0.98593,1.2546,0.69159,0.62576,0.67382,0.43564,1.14081,0.98915,1.27623,0.00979705,0.00979705,0.00979705
43,17355.5,1.15271,0.98083,1.25205,0.69183,0.62693,0.67417,0.43627,1.13974,0.98786,1.27527,0.0097921,0.0097921,0.0097921
44,17756.7,1.15164,0.98245,1.25118,0.69146,0.62735,0.67445,0.43684,1.13855,0.98757,1.2743,0.00978715,0.00978715,0.00978715
45,18158.6,1.14635,0.97724,1.24799,0.69029,0.62825,0.67482,0.43731,1.13743,0.9863,1.2732,0.0097822,0.0097822,0.0097822
46,18560.7,1.14182,0.9752,1.24682,0.69172,0.62693,0.67472,0.43735,1.13598,0.98535,1.27232,0.00977725,0.00977725,0.00977725
47,18961.4,1.13968,0.97434,1.24488,0.6923,0.62669,0.6756,0.43803,1.13436,0.98461,1.27121,0.0097723,0.0097723,0.0097723
48,19362.5,1.1376,0.97222,1.24385,0.69096,0.62731,0.67544,0.4383,1.13364,0.98416,1.27076,0.00976735,0.00976735,0.00976735
49,19763.3,1.13645,0.96743,1.24307,0.69072,0.62867,0.67577,0.43845,1.13283,0.98316,1.27027,0.0097624,0.0097624,0.0097624
50,20164,1.13717,0.96716,1.24102,0.6922,0.62774,0.67626,0.43901,1.13171,0.9823,1.26943,0.00975745,0.00975745,0.00975745
51,20564.5,1.1291,0.96298,1.2394,0.69234,0.62914,0.67676,0.43957,1.13056,0.98176,1.26871,0.0097525,0.0097525,0.0097525
52,20965.8,1.13017,0.96249,1.2383,0.69338,0.62844,0.67695,0.43969,1.12941,0.98111,1.26802,0.00974755,0.00974755,0.00974755
53,21366,1.1281,0.95994,1.23766,0.69067,0.63228,0.67747,0.4401,1.12856,0.9804,1.26737,0.0097426,0.0097426,0.0097426
54,21769.3,1.12894,0.96069,1.23606,0.69064,0.63085,0.67744,0.44032,1.12761,0.97946,1.26677,0.00973765,0.00973765,0.00973765
55,22172.3,1.12053,0.95475,1.23129,0.69177,0.63038,0.67779,0.44069,1.12627,0.97866,1.26602,0.0097327,0.0097327,0.0097327
56,22574.9,1.12188,0.95495,1.23433,0.69174,0.63059,0.67788,0.44115,1.125,0.97783,1.26546,0.00972775,0.00972775,0.00972775
57,22976.2,1.12018,0.95574,1.23088,0.69387,0.62957,0.67773,0.44146,1.12411,0.9772,1.26491,0.0097228,0.0097228,0.0097228
58,23376.7,1.11859,0.95027,1.23003,0.69603,0.62755,0.67756,0.44174,1.12326,0.97635,1.26442,0.00971785,0.00971785,0.00971785
59,23777.2,1.11755,0.95162,1.22876,0.69552,0.62893,0.67813,0.44205,1.12222,0.9754,1.26393,0.0097129,0.0097129,0.0097129
60,24176.8,1.11216,0.94771,1.22744,0.69467,0.62982,0.6782,0.44242,1.12117,0.9745,1.26324,0.00970795,0.00970795,0.00970795
61,24577.9,1.11195,0.94897,1.2269,0.69412,0.63013,0.67831,0.44256,1.12049,0.9744,1.26281,0.009703,0.009703,0.009703
62,24978.5,1.11139,0.94579,1.22332,0.69655,0.62855,0.67838,0.44297,1.1197,0.97377,1.26237,0.00969805,0.00969805,0.00969805
63,25377.4,1.11065,0.94526,1.22398,0.69606,0.62829,0.67858,0.44328,1.11847,0.97292,1.26167,0.0096931,0.0096931,0.0096931
64,25777,1.10893,0.94723,1.22508,0.69368,0.62919,0.67912,0.44374,1.1174,0.9727,1.26098,0.00968815,0.00968815,0.00968815
65,26176,1.10496,0.94247,1.22092,0.69294,0.63097,0.67975,0.4442,1.11604,0.97196,1.26013,0.0096832,0.0096832,0.0096832
66,26576,1.10352,0.94166,1.21797,0.69476,0.6299,0.67976,0.44446,1.11499,0.97173,1.25966,0.00967825,0.00967825,0.00967825
67,26975.9,1.10529,0.94003,1.21994,0.69509,0.62964,0.68001,0.44473,1.11449,0.9712,1.25913,0.0096733,0.0096733,0.0096733
68,27375.7,1.10197,0.94003,1.21783,0.69381,0.63046,0.68039,0.44526,1.11359,0.97061,1.25854,0.00966835,0.00966835,0.00966835
69,27776.4,1.10037,0.93504,1.21707,0.69355,0.63153,0.68069,0.4456,1.11301,0.96996,1.25808,0.0096634,0.0096634,0.0096634
70,28175.7,1.10001,0.9348,1.21661,0.6942,0.63076,0.68095,0.44594,1.11247,0.96896,1.25783,0.00965845,0.00965845,0.00965845
71,28574.6,1.09672,0.93712,1.21559,0.69559,0.63063,0.68119,0.44623,1.11137,0.96837,1.25724,0.0096535,0.0096535,0.0096535
72,28973.8,1.09161,0.92984,1.21543,0.69539,0.63063,0.6812,0.44674,1.11047,0.9677,1.25666,0.00964855,0.00964855,0.00964855
73,29372.8,1.0907,0.92889,1.21324,0.69638,0.63025,0.68117,0.44693,1.10954,0.96691,1.25626,0.0096436,0.0096436,0.0096436
74,29772,1.09599,0.92912,1.21439,0.69555,0.63196,0.68161,0.44744,1.10881,0.96615,1.25552,0.00963865,0.00963865,0.00963865
75,30171,1.09257,0.92751,1.21145,0.69637,0.63182,0.68205,0.44773,1.10797,0.96531,1.25522,0.0096337,0.0096337,0.0096337
76,30571.8,1.09219,0.92795,1.21194,0.69732,0.63025,0.68204,0.44788,1.10735,0.9645,1.25472,0.00962875,0.00962875,0.00962875
77,30976.5,1.08904,0.92433,1.20843,0.69486,0.63235,0.6826,0.44832,1.10656,0.96427,1.25421,0.0096238,0.0096238,0.0096238
78,31377.8,1.08697,0.92627,1.20873,0.69382,0.63318,0.68273,0.44868,1.10524,0.96381,1.25332,0.00961885,0.00961885,0.00961885
79,31779.3,1.09017,0.92509,1.20945,0.69482,0.63306,0.68319,0.44911,1.10467,0.96299,1.25283,0.0096139,0.0096139,0.0096139
80,32184.5,1.08597,0.92479,1.20773,0.6957,0.63246,0.68359,0.44932,1.1037,0.96205,1.25251,0.00960895,0.00960895,0.00960895
81,32585.5,1.08758,0.92474,1.20601,0.69592,0.6324,0.68377,0.44966,1.10289,0.96128,1.25198,0.009604,0.009604,0.009604
82,32986.2,1.08316,0.91905,1.20706,0.69567,0.63291,0.68369,0.45,1.10223,0.96083,1.25147,0.00959905,0.00959905,0.00959905
83,33388,1.08097,0.9222,1.2054,0.69577,0.63267,0.6842,0.45042,1.10165,0.9604,1.25088,0.0095941,0.0095941,0.0095941
84,33788.4,1.08198,0.91935,1.20458,0.69655,0.63284,0.68459,0.45075,1.10129,0.95981,1.25038,0.00958915,0.00958915,0.00958915
85,34191.2,1.08292,0.92452,1.20538,0.69924,0.63195,0.68503,0.45124,1.1004,0.95928,1.2499,0.0095842,0.0095842,0.0095842
86,34591.3,1.07781,0.91828,1.20341,0.69793,0.63303,0.68553,0.45163,1.0997,0.95853,1.24938,0.00957925,0.00957925,0.00957925
87,34994.7,1.08034,0.92173,1.2051,0.6974,0.63442,0.68585,0.4519,1.09906,0.95737,1.24897,0.0095743,0.0095743,0.0095743
88,35393.3,1.07831,0.91795,1.2021,0.69887,0.63442,0.68613,0.45225,1.09804,0.95658,1.2483,0.00956935,0.00956935,0.00956935
89,35794.7,1.07524,0.9143,1.20096,0.69663,0.63542,0.68643,0.45269,1.09694,0.95583,1.24776,0.0095644,0.0095644,0.0095644
90,36193.8,1.0741,0.91544,1.20234,0.69783,0.63561,0.6869,0.45285,1.09636,0.95521,1.24759,0.00955945,0.00955945,0.00955945
91,36595.1,1.07915,0.91943,1.2018,0.69753,0.63561,0.6874,0.45323,1.0959,0.95433,1.24729,0.0095545,0.0095545,0.0095545
92,36999.4,1.07555,0.91502,1.20178,0.69861,0.63537,0.68746,0.45348,1.09519,0.95389,1.24675,0.00954955,0.00954955,0.00954955
93,37400.6,1.07198,0.91249,1.19943,0.69848,0.63569,0.68807,0.45371,1.09463,0.95254,1.24631,0.0095446,0.0095446,0.0095446
94,37802.4,1.06881,0.91186,1.19714,0.69961,0.63485,0.68837,0.45401,1.0939,0.95161,1.2459,0.00953965,0.00953965,0.00953965
95,38204.7,1.07243,0.9136,1.20072,0.69841,0.63616,0.68857,0.45443,1.09248,0.95099,1.24502,0.0095347,0.0095347,0.0095347
96,38604.6,1.07065,0.90703,1.19798,0.69812,0.63667,0.68872,0.45458,1.09175,0.95001,1.24447,0.00952975,0.00952975,0.00952975
97,39006.2,1.07007,0.90972,1.19781,0.69807,0.63681,0.68925,0.45484,1.09141,0.94919,1.2442,0.0095248,0.0095248,0.0095248
98,39405.9,1.0638,0.90616,1.19507,0.69848,0.63727,0.68921,0.45497,1.0904,0.94867,1.2436,0.00951985,0.00951985,0.00951985
99,39805.6,1.06575,0.90584,1.19629,0.69845,0.63736,0.68983,0.45536,1.08929,0.94814,1.24316,0.0095149,0.0095149,0.0095149
100,40205.9,1.06621,0.90779,1.197,0.69748,0.63856,0.68986,0.45559,1.08873,0.94764,1.24267,0.00950995,0.00950995,0.00950995
101,40606.2,1.06808,0.90995,1.19738,0.69508,0.64033,0.69002,0.45592,1.08797,0.94682,1.2425,0.009505,0.009505,0.009505
102,41004.3,1.06348,0.90607,1.19529,0.69534,0.64027,0.69039,0.45621,1.08783,0.94591,1.24224,0.00950005,0.00950005,0.00950005
103,41404.7,1.06469,0.90592,1.19645,0.69618,0.64039,0.69048,0.45654,1.08765,0.9453,1.24209,0.0094951,0.0094951,0.0094951
104,41805.2,1.06879,0.9067,1.19565,0.69811,0.6394,0.69046,0.45679,1.08663,0.94485,1.24139,0.00949015,0.00949015,0.00949015
105,42208.6,1.0609,0.90327,1.19166,0.69773,0.63944,0.69053,0.45686,1.08606,0.94402,1.24089,0.0094852,0.0094852,0.0094852
106,42611.4,1.06032,0.902,1.19282,0.69541,0.64167,0.69065,0.45715,1.08545,0.94324,1.24042,0.00948025,0.00948025,0.00948025
107,43011.5,1.05867,0.8998,1.19192,0.69604,0.64174,0.69118,0.45741,1.08436,0.94259,1.23978,0.0094753,0.0094753,0.0094753
108,43411.5,1.05932,0.90475,1.1922,0.69537,0.64263,0.69159,0.45774,1.08378,0.94229,1.23943,0.00947035,0.00947035,0.00947035
109,43812,1.06049,0.9013,1.19082,0.69677,0.64208,0.69194,0.45802,1.08282,0.94155,1.23895,0.0094654,0.0094654,0.0094654
110,44216.2,1.06066,0.9002,1.18807,0.69602,0.6437,0.6921,0.45826,1.08233,0.94114,1.23835,0.00946045,0.00946045,0.00946045
111,44615.7,1.05904,0.9019,1.19004,0.69628,0.64335,0.69215,0.45854,1.0818,0.94058,1.23813,0.0094555,0.0094555,0.0094555
112,45015.1,1.05452,0.89924,1.18923,0.69638,0.64425,0.69305,0.45866,1.08123,0.93986,1.23765,0.00945055,0.00945055,0.00945055
113,45414.6,1.05597,0.90053,1.18953,0.69608,0.64408,0.69279,0.45897,1.0807,0.93898,1.23729,0.0094456,0.0094456,0.0094456
114,45814.5,1.05584,0.89883,1.18957,0.69571,0.64463,0.6933,0.4592,1.08033,0.93836,1.23702,0.00944065,0.00944065,0.00944065
115,46214.3,1.05355,0.89924,1.18897,0.69761,0.64305,0.69357,0.45942,1.07976,0.93805,1.23684,0.0094357,0.0094357,0.0094357
116,46612.3,1.05312,0.89694,1.18609,0.69616,0.6451,0.69395,0.45959,1.07954,0.93773,1.2366,0.00943075,0.00943075,0.00943075
117,47009.9,1.05267,0.89544,1.18661,0.69591,0.64471,0.69372,0.45995,1.07926,0.937,1.23654,0.0094258,0.0094258,0.0094258
118,47407.3,1.05211,0.89423,1.18561,0.69499,0.64629,0.69414,0.45991,1.07871,0.937,1.2362,0.00942085,0.00942085,0.00942085
119,47805.2,1.05391,0.89235,1.18693,0.69532,0.6462,0.69423,0.46015,1.07827,0.93651,1.23576,0.0094159,0.0094159,0.0094159
120,48203.9,1.05289,0.89227,1.18862,0.69592,0.64591,0.69434,0.46028,1.07767,0.93641,1.23533,0.00941095,0.00941095,0.00941095
121,48604.7,1.04871,0.89024,1.18183,0.69517,0.64603,0.6942,0.46057,1.07695,0.93621,1.2349,0.009406,0.009406,0.009406
122,49005.7,1.04957,0.89186,1.18384,0.69408,0.64807,0.69455,0.46066,1.07654,0.93581,1.23447,0.00940105,0.00940105,0.00940105
123,49405.5,1.04829,0.89483,1.18601,0.69443,0.64833,0.69464,0.4606,1.07593,0.93501,1.23404,0.0093961,0.0093961,0.0093961
124,49806.4,1.04771,0.89353,1.18252,0.69321,0.64897,0.69518,0.46078,1.07523,0.93475,1.23369,0.00939115,0.00939115,0.00939115
125,50205.9,1.05036,0.89108,1.18358,0.69226,0.65058,0.69513,0.46099,1.07475,0.93401,1.23338,0.0093862,0.0093862,0.0093862
126,50603.4,1.04709,0.88793,1.18232,0.69382,0.64995,0.69518,0.46128,1.07415,0.93346,1.23303,0.00938125,0.00938125,0.00938125
127,51001.7,1.04674,0.89127,1.18172,0.69362,0.64952,0.69551,0.46138,1.07354,0.93273,1.23271,0.0093763,0.0093763,0.0093763
128,51400.5,1.04527,0.88703,1.18134,0.69376,0.64956,0.69584,0.46143,1.07311,0.93206,1.23232,0.00937135,0.00937135,0.00937135
129,51803,1.04637,0.88858,1.18219,0.69424,0.64986,0.69601,0.46151,1.07277,0.93207,1.23207,0.0093664,0.0093664,0.0093664
130,52201.4,1.04271,0.88436,1.18071,0.69301,0.65054,0.69613,0.46171,1.0724,0.9315,1.23195,0.00936145,0.00936145,0.00936145
131,52600.8,1.0436,0.89131,1.1837,0.69304,0.65012,0.69623,0.46195,1.07195,0.93097,1.23176,0.0093565,0.0093565,0.0093565
132,53001.3,1.0423,0.88858,1.18211,0.69534,0.64804,0.69611,0.46204,1.07124,0.93072,1.23139,0.00935155,0.00935155,0.00935155
133,53401.4,1.04305,0.88633,1.18055,0.69459,0.64846,0.69604,0.46208,1.07139,0.93036,1.23151,0.0093466,0.0093466,0.0093466
134,53800.8,1.04399,0.89061,1.18238,0.69363,0.64902,0.69625,0.46222,1.07128,0.93025,1.2316,0.00934165,0.00934165,0.00934165
135,54201.3,1.04378,0.88255,1.17882,0.69414,0.64922,0.69626,0.46225,1.07067,0.92973,1.23131,0.0093367,0.0093367,0.0093367
136,54600.7,1.04249,0.88355,1.17812,0.69435,0.64986,0.69644,0.46229,1.07012,0.92901,1.23107,0.00933175,0.00933175,0.00933175
137,55001.2,1.03935,0.89058,1.18011,0.69553,0.64871,0.69656,0.46253,1.06989,0.92922,1.2309,0.0093268,0.0093268,0.0093268
138,55401.1,1.03784,0.88521,1.17817,0.69581,0.6485,0.69635,0.46268,1.06972,0.92863,1.23076,0.00932185,0.00932185,0.00932185
139,55800.5,1.04101,0.88465,1.17952,0.69725,0.64761,0.69644,0.46289,1.06941,0.92848,1.23077,0.0093169,0.0093169,0.0093169
140,56200.6,1.03945,0.88675,1.17914,0.69547,0.64921,0.69634,0.46298,1.06934,0.92811,1.23068,0.00931195,0.00931195,0.00931195
141,56600.3,1.03816,0.88303,1.17764,0.69579,0.64901,0.69643,0.46308,1.0688,0.92819,1.23029,0.009307,0.009307,0.009307
142,57004.3,1.04122,0.88563,1.17812,0.69624,0.64901,0.69659,0.46327,1.0689,0.92715,1.23072,0.00930205,0.00930205,0.00930205
143,57403.7,1.03792,0.88485,1.17749,0.69591,0.64935,0.69667,0.46331,1.06864,0.92668,1.23069,0.0092971,0.0092971,0.0092971
144,57804.1,1.03718,0.88204,1.17649,0.69552,0.65012,0.69674,0.46335,1.0689,0.92625,1.23097,0.00929215,0.00929215,0.00929215
145,58204.4,1.0371,0.88217,1.17518,0.6965,0.64931,0.69703,0.46356,1.06888,0.92578,1.231,0.0092872,0.0092872,0.0092872
146,58605.4,1.03502,0.88181,1.1761,0.69656,0.64956,0.69691,0.46367,1.06855,0.92538,1.23101,0.00928225,0.00928225,0.00928225
147,59005.1,1.03538,0.87904,1.17567,0.69787,0.64829,0.69721,0.46376,1.0683,0.9249,1.23095,0.0092773,0.0092773,0.0092773
148,59405.8,1.03305,0.87999,1.17553,0.69948,0.64761,0.69726,0.46387,1.06813,0.92426,1.23086,0.00927235,0.00927235,0.00927235
149,59805.6,1.03495,0.87724,1.17632,0.69759,0.6491,0.6972,0.46401,1.06819,0.92368,1.23087,0.0092674,0.0092674,0.0092674
150,60203.7,1.03578,0.87838,1.1769,0.70007,0.64701,0.69718,0.46396,1.06726,0.92329,1.23023,0.00926245,0.00926245,0.00926245
151,60602,1.03514,0.87668,1.17771,0.70017,0.64747,0.69746,0.46408,1.06741,0.92312,1.23022,0.0092575,0.0092575,0.0092575
152,61000.9,1.03326,0.87677,1.17464,0.701,0.64673,0.69755,0.4642,1.06663,0.92287,1.22993,0.00925255,0.00925255,0.00925255
153,61398.8,1.03144,0.87416,1.17335,0.70005,0.64825,0.6978,0.46424,1.06628,0.9223,1.22963,0.0092476,0.0092476,0.0092476
154,61797,1.03293,0.87768,1.17337,0.6996,0.64854,0.69811,0.46447,1.06593,0.92229,1.22947,0.00924265,0.00924265,0.00924265
155,62193.9,1.03059,0.87642,1.17331,0.69993,0.64727,0.69769,0.46428,1.06593,0.9218,1.22945,0.0092377,0.0092377,0.0092377
156,62589.7,1.03033,0.87737,1.17392,0.69916,0.64867,0.69778,0.46439,1.06582,0.92142,1.22924,0.00923275,0.00923275,0.00923275
157,62986.7,1.03022,0.87325,1.17255,0.69984,0.64834,0.69783,0.46441,1.06571,0.92119,1.22934,0.0092278,0.0092278,0.0092278
158,63383.9,1.03119,0.87439,1.17133,0.69951,0.64803,0.69783,0.46446,1.06596,0.92093,1.22964,0.00922285,0.00922285,0.00922285
159,63779,1.02769,0.87597,1.16973,0.70048,0.64684,0.69765,0.46436,1.06558,0.92097,1.22952,0.0092179,0.0092179,0.0092179
160,64171.9,1.03002,0.87578,1.17322,0.69889,0.64807,0.69782,0.4643,1.06535,0.92083,1.2294,0.00921295,0.00921295,0.00921295
161,64564.9,1.03095,0.87575,1.17085,0.70033,0.64654,0.69774,0.46422,1.06574,0.9203,1.22966,0.009208,0.009208,0.009208
162,64955.4,1.02851,0.87661,1.17275,0.70152,0.6462,0.69754,0.46435,1.06516,0.92044,1.22947,0.00920305,0.00920305,0.00920305
163,65351.5,1.02718,0.87267,1.17048,0.7006,0.6476,0.69777,0.46439,1.06558,0.92007,1.22987,0.0091981,0.0091981,0.0091981
164,65748.2,1.02949,0.87486,1.17384,0.70039,0.64863,0.69798,0.46441,1.06582,0.92027,1.23031,0.00919315,0.00919315,0.00919315
165,66144.1,1.02826,0.87054,1.16857,0.70059,0.64825,0.69775,0.46437,1.06539,0.92041,1.22996,0.0091882,0.0091882,0.0091882
166,66540.1,1.02845,0.87633,1.17087,0.69873,0.64935,0.69783,0.46434,1.06499,0.92091,1.22971,0.00918325,0.00918325,0.00918325
167,66933.8,1.02609,0.87335,1.16962,0.69724,0.65066,0.69791,0.46452,1.06562,0.92026,1.23031,0.0091783,0.0091783,0.0091783
168,67331.9,1.02825,0.87217,1.16707,0.69768,0.65041,0.69788,0.46453,1.06583,0.92003,1.23015,0.00917335,0.00917335,0.00917335
169,67728.6,1.02485,0.87181,1.168,0.69922,0.64869,0.69784,0.4644,1.06582,0.92011,1.23013,0.0091684,0.0091684,0.0091684
170,68126,1.02724,0.87332,1.1708,0.70087,0.64795,0.69809,0.46453,1.06591,0.91994,1.23,0.00916345,0.00916345,0.00916345
171,68523.8,1.025,0.86857,1.17058,0.69903,0.64905,0.69839,0.46475,1.06587,0.9196,1.23026,0.0091585,0.0091585,0.0091585
172,68919.5,1.02573,0.87055,1.17119,0.69819,0.64922,0.6983,0.46463,1.06584,0.91992,1.23034,0.00915355,0.00915355,0.00915355
173,69315.4,1.02391,0.87005,1.16848,0.69802,0.64969,0.6983,0.46459,1.066,0.91959,1.23054,0.0091486,0.0091486,0.0091486
174,69711.5,1.02851,0.8745,1.1735,0.69913,0.64944,0.69839,0.46465,1.06578,0.91976,1.2304,0.00914365,0.00914365,0.00914365
175,70107.9,1.02315,0.86738,1.16746,0.69905,0.65004,0.69844,0.46467,1.06584,0.91997,1.23038,0.0091387,0.0091387,0.0091387
176,70504.7,1.02348,0.86878,1.16919,0.70084,0.64824,0.69857,0.46491,1.06576,0.91992,1.2305,0.00913375,0.00913375,0.00913375
177,70901.7,1.02352,0.87168,1.16688,0.70113,0.64782,0.69853,0.46476,1.066,0.9198,1.2304,0.0091288,0.0091288,0.0091288
178,71298.4,1.02332,0.86885,1.16723,0.70224,0.64717,0.6986,0.4649,1.06572,0.91986,1.23034,0.00912385,0.00912385,0.00912385
179,71694.1,1.02762,0.87029,1.16913,0.70055,0.64785,0.69844,0.4649,1.06587,0.91944,1.23054,0.0091189,0.0091189,0.0091189
180,72090.6,1.0242,0.86977,1.16859,0.70015,0.64816,0.69864,0.46493,1.06516,0.91928,1.23014,0.00911395,0.00911395,0.00911395
181,72486.3,1.02023,0.86773,1.16646,0.70047,0.64735,0.69839,0.46477,1.0655,0.91931,1.23026,0.009109,0.009109,0.009109
182,72883.1,1.01985,0.87017,1.16719,0.70137,0.64714,0.69851,0.46476,1.06518,0.91951,1.23014,0.00910405,0.00910405,0.00910405
183,73281.1,1.01862,0.8698,1.16665,0.70093,0.64756,0.69835,0.46471,1.06469,0.91924,1.22968,0.0090991,0.0090991,0.0090991
184,73679.1,1.02139,0.86833,1.16832,0.70088,0.64731,0.69836,0.46477,1.0648,0.91903,1.22984,0.00909415,0.00909415,0.00909415
185,74076.3,1.0216,0.87144,1.16855,0.69972,0.64835,0.69863,0.46484,1.06477,0.91859,1.22978,0.0090892,0.0090892,0.0090892
186,74474.4,1.0228,0.86735,1.16501,0.70186,0.64722,0.69852,0.46504,1.065,0.9184,1.23015,0.00908425,0.00908425,0.00908425
187,74871.7,1.02342,0.86668,1.16714,0.70229,0.64792,0.69861,0.46485,1.06515,0.91817,1.23047,0.0090793,0.0090793,0.0090793
188,75268.6,1.01941,0.86419,1.16673,0.70118,0.64914,0.69869,0.46483,1.06508,0.91806,1.23047,0.00907435,0.00907435,0.00907435
189,75665.2,1.02124,0.86641,1.16663,0.70072,0.64961,0.69878,0.46481,1.06503,0.91797,1.23061,0.0090694,0.0090694,0.0090694
190,76062,1.02104,0.86757,1.16625,0.69821,0.65058,0.69898,0.46476,1.06498,0.91755,1.23072,0.00906445,0.00906445,0.00906445
191,76459.3,1.0169,0.8676,1.16395,0.69904,0.65067,0.69885,0.4649,1.06467,0.91753,1.23059,0.0090595,0.0090595,0.0090595
192,76855,1.01825,0.86379,1.16522,0.69833,0.65039,0.69873,0.4651,1.06379,0.91747,1.23012,0.00905455,0.00905455,0.00905455
193,77253,1.01938,0.86724,1.16642,0.70006,0.64893,0.69887,0.46506,1.06416,0.91717,1.23047,0.0090496,0.0090496,0.0090496
194,77648.6,1.01863,0.8639,1.16435,0.70028,0.64941,0.69901,0.46511,1.0646,0.91753,1.23092,0.00904465,0.00904465,0.00904465
195,78045.5,1.01784,0.86345,1.16416,0.69898,0.65037,0.69897,0.46518,1.06471,0.91772,1.23107,0.0090397,0.0090397,0.0090397
196,78441.7,1.01715,0.86259,1.16692,0.69869,0.65105,0.69896,0.4653,1.06472,0.91791,1.23132,0.00903475,0.00903475,0.00903475
197,78838.6,1.01365,0.86351,1.16449,0.69936,0.65084,0.69927,0.46528,1.06418,0.91828,1.23122,0.0090298,0.0090298,0.0090298
198,79234.9,1.01642,0.86103,1.16418,0.69962,0.65012,0.69917,0.46524,1.06373,0.91796,1.23103,0.00902485,0.00902485,0.00902485
199,79631.7,1.01648,0.86244,1.1612,0.69878,0.65157,0.69917,0.46499,1.0637,0.91856,1.2309,0.0090199,0.0090199,0.0090199
200,80029.1,1.01413,0.8611,1.16282,0.6963,0.65437,0.69915,0.46511,1.06365,0.91849,1.23092,0.00901495,0.00901495,0.00901495
201,80426.5,1.01199,0.86502,1.16384,0.69823,0.65226,0.69897,0.46505,1.06342,0.91896,1.23091,0.00901,0.00901,0.00901
202,80822.6,1.01584,0.86259,1.16501,0.69868,0.6522,0.69908,0.46498,1.06294,0.9189,1.23066,0.00900505,0.00900505,0.00900505
203,81219.3,1.01479,0.86037,1.16337,0.6993,0.65203,0.69899,0.46509,1.06298,0.91903,1.23082,0.0090001,0.0090001,0.0090001
204,81615.9,1.0144,0.86009,1.16241,0.69976,0.65195,0.699,0.46503,1.06263,0.91941,1.23044,0.00899515,0.00899515,0.00899515
205,82011.6,1.01349,0.8651,1.16379,0.70074,0.6519,0.69883,0.46499,1.0621,0.9198,1.23023,0.0089902,0.0089902,0.0089902
206,82408.9,1.01274,0.85868,1.16172,0.69944,0.65314,0.69884,0.46499,1.06184,0.91994,1.22999,0.00898525,0.00898525,0.00898525
207,82805.7,1.01046,0.85785,1.16272,0.6991,0.65348,0.69892,0.46509,1.06148,0.92022,1.22977,0.0089803,0.0089803,0.0089803
208,83201.7,1.01071,0.85655,1.15942,0.69947,0.65254,0.69883,0.4651,1.06156,0.91982,1.22991,0.00897535,0.00897535,0.00897535
209,83597.1,1.00886,0.85796,1.16101,0.70096,0.65067,0.69868,0.46519,1.06121,0.92003,1.23002,0.0089704,0.0089704,0.0089704
210,83994.4,1.00801,0.85607,1.16005,0.69954,0.65216,0.69904,0.46537,1.06095,0.92008,1.22973,0.00896545,0.00896545,0.00896545
211,84391.5,1.01006,0.85962,1.15963,0.70012,0.65127,0.69882,0.4654,1.0607,0.92026,1.22967,0.0089605,0.0089605,0.0089605
212,84788.2,1.0053,0.85341,1.1574,0.70019,0.65058,0.69864,0.46529,1.0607,0.92046,1.22989,0.00895555,0.00895555,0.00895555
213,85184.5,1.00794,0.85703,1.16019,0.69932,0.65135,0.69879,0.46551,1.06074,0.9203,1.22986,0.0089506,0.0089506,0.0089506
214,85582.7,1.00983,0.8581,1.15701,0.69857,0.65161,0.69884,0.46542,1.06076,0.91974,1.22962,0.00894565,0.00894565,0.00894565
215,85980,1.00989,0.85923,1.15944,0.69737,0.65186,0.69892,0.46555,1.06025,0.91963,1.22926,0.0089407,0.0089407,0.0089407
216,86377.4,1.00922,0.85739,1.15935,0.69883,0.65114,0.69895,0.46555,1.06061,0.91962,1.22944,0.00893575,0.00893575,0.00893575
217,86775.2,1.01302,0.85793,1.16354,0.69898,0.65121,0.69868,0.46568,1.06034,0.91919,1.22945,0.0089308,0.0089308,0.0089308
218,87172.3,1.00783,0.85613,1.15959,0.69636,0.65352,0.69894,0.46561,1.06037,0.91927,1.2296,0.00892585,0.00892585,0.00892585
219,87568.8,1.00524,0.85641,1.15865,0.6975,0.65382,0.69888,0.46565,1.06048,0.91872,1.22955,0.0089209,0.0089209,0.0089209
220,87964.5,1.00984,0.85541,1.15916,0.69669,0.65484,0.69905,0.46586,1.06045,0.91839,1.22965,0.00891595,0.00891595,0.00891595
221,88360.4,1.00525,0.85131,1.15719,0.69689,0.65527,0.69917,0.46577,1.06046,0.91818,1.22965,0.008911,0.008911,0.008911
222,88757.1,1.00839,0.85414,1.16161,0.69682,0.65565,0.69941,0.46603,1.06026,0.91854,1.22958,0.00890605,0.00890605,0.00890605
223,89154.6,1.00843,0.85518,1.15975,0.69609,0.65569,0.69948,0.4661,1.05952,0.91833,1.22912,0.0089011,0.0089011,0.0089011
224,89551.5,1.00818,0.85254,1.15869,0.69438,0.65607,0.69942,0.46578,1.05949,0.91854,1.22934,0.00889615,0.00889615,0.00889615
225,89947.6,1.0058,0.85485,1.1572,0.69429,0.65637,0.69929,0.46591,1.05934,0.91904,1.22944,0.0088912,0.0088912,0.0088912
226,90344.5,1.00493,0.85327,1.15842,0.69475,0.65573,0.69917,0.46584,1.05905,0.919,1.22935,0.00888625,0.00888625,0.00888625
227,90740.9,1.00479,0.8545,1.15718,0.69314,0.65607,0.699,0.46591,1.05884,0.91889,1.22947,0.0088813,0.0088813,0.0088813
228,91137.8,1.0079,0.85446,1.16053,0.69341,0.65624,0.6992,0.46582,1.05838,0.91907,1.22929,0.00887635,0.00887635,0.00887635
229,91536,1.00425,0.85449,1.15973,0.69349,0.6562,0.69936,0.46573,1.05832,0.91936,1.22912,0.0088714,0.0088714,0.0088714
230,91934.1,1.00532,0.8524,1.15994,0.69408,0.65688,0.69944,0.46558,1.05861,0.9194,1.22949,0.00886645,0.00886645,0.00886645
231,92332.9,1.0066,0.85339,1.15879,0.69381,0.65663,0.69962,0.46573,1.0583,0.91935,1.22933,0.0088615,0.0088615,0.0088615
232,92731.2,1.00337,0.85254,1.15678,0.69609,0.65582,0.69948,0.46572,1.05766,0.91929,1.22909,0.00885655,0.00885655,0.00885655
233,93129.8,1.0051,0.85501,1.16013,0.6953,0.65578,0.69905,0.46566,1.0576,0.919,1.22931,0.0088516,0.0088516,0.0088516
234,93528.1,1.00635,0.85607,1.1586,0.69495,0.65607,0.69925,0.4657,1.05743,0.91896,1.22951,0.00884665,0.00884665,0.00884665
235,93926.7,1.00244,0.85196,1.15747,0.6951,0.65586,0.69947,0.46572,1.05761,0.91874,1.22963,0.0088417,0.0088417,0.0088417
236,94325.8,1.00555,0.85578,1.16023,0.69656,0.65518,0.69972,0.46591,1.05749,0.91885,1.22964,0.00883675,0.00883675,0.00883675
237,94725.2,1.00468,0.85225,1.15712,0.69721,0.65475,0.69936,0.4658,1.05772,0.91859,1.22986,0.0088318,0.0088318,0.0088318
238,95126.1,1.00416,0.85047,1.15852,0.69684,0.65458,0.69947,0.46567,1.05818,0.91862,1.23028,0.00882685,0.00882685,0.00882685
239,95527.9,1.00301,0.84948,1.15478,0.69657,0.65424,0.69951,0.46566,1.05887,0.91843,1.23094,0.0088219,0.0088219,0.0088219
240,95930.1,1.00204,0.85243,1.158,0.69554,0.65475,0.69938,0.46567,1.05792,0.91873,1.23064,0.00881695,0.00881695,0.00881695
241,96329.7,1.00289,0.85419,1.15509,0.69536,0.6547,0.69942,0.46575,1.05775,0.91837,1.23035,0.008812,0.008812,0.008812
242,96730.2,1.00325,0.84897,1.15467,0.69596,0.65509,0.69955,0.46576,1.05769,0.91841,1.23015,0.00880705,0.00880705,0.00880705
243,97130.4,1.00045,0.85004,1.15649,0.69371,0.65543,0.69959,0.46551,1.05812,0.91855,1.23034,0.0088021,0.0088021,0.0088021
244,97533.6,1.00051,0.8485,1.15407,0.693,0.65603,0.69945,0.46545,1.0583,0.91835,1.23044,0.00879715,0.00879715,0.00879715
245,97935.7,1.00193,0.85043,1.15463,0.69401,0.65556,0.69965,0.46538,1.05786,0.91823,1.23029,0.0087922,0.0087922,0.0087922
246,98335.5,0.99871,0.8474,1.15343,0.69331,0.65658,0.69949,0.46529,1.05806,0.91851,1.23011,0.00878725,0.00878725,0.00878725
247,98736.6,0.99784,0.85029,1.15209,0.6939,0.65637,0.69937,0.46527,1.05814,0.91834,1.22995,0.0087823,0.0087823,0.0087823
248,99136.8,0.99703,0.84985,1.15343,0.6951,0.65594,0.69943,0.46527,1.0579,0.91847,1.23003,0.00877735,0.00877735,0.00877735
249,99536.6,0.99859,0.84707,1.1551,0.6977,0.65399,0.69945,0.46536,1.05837,0.91884,1.23051,0.0087724,0.0087724,0.0087724
250,99936.2,1.00057,0.8475,1.15639,0.69755,0.65352,0.69924,0.46536,1.05781,0.91888,1.23031,0.00876745,0.00876745,0.00876745
251,100337,1.00156,0.85122,1.15537,0.69822,0.65292,0.69904,0.46535,1.05767,0.91946,1.23023,0.0087625,0.0087625,0.0087625
252,100738,0.99885,0.85082,1.15416,0.69725,0.65392,0.69928,0.46532,1.05754,0.91952,1.23005,0.00875755,0.00875755,0.00875755
253,101138,0.99557,0.84558,1.15207,0.69585,0.65525,0.69907,0.46537,1.05711,0.91956,1.22996,0.0087526,0.0087526,0.0087526
254,101539,1.0009,0.84901,1.15437,0.69686,0.65409,0.69918,0.46531,1.05706,0.91959,1.22987,0.00874765,0.00874765,0.00874765
255,101940,0.99747,0.84596,1.15536,0.69522,0.65561,0.69897,0.46522,1.05718,0.91923,1.23004,0.0087427,0.0087427,0.0087427
256,102340,1.00121,0.84968,1.15395,0.69498,0.65582,0.69893,0.46513,1.05719,0.91909,1.22992,0.00873775,0.00873775,0.00873775
257,102740,1.0049,0.85111,1.1564,0.694,0.65561,0.69877,0.46511,1.05744,0.91909,1.23009,0.0087328,0.0087328,0.0087328
258,103140,1.00179,0.8468,1.15736,0.69413,0.65544,0.69889,0.465,1.05692,0.91916,1.22973,0.00872785,0.00872785,0.00872785
259,103542,0.99862,0.85055,1.15471,0.69402,0.65526,0.69896,0.46497,1.05693,0.9191,1.2299,0.0087229,0.0087229,0.0087229
260,103943,0.99573,0.84676,1.15457,0.69481,0.65539,0.6993,0.46502,1.05699,0.91874,1.23019,0.00871795,0.00871795,0.00871795
261,104344,0.99612,0.84177,1.15209,0.69342,0.65511,0.69889,0.46489,1.05694,0.91878,1.23021,0.008713,0.008713,0.008713
262,104743,0.99678,0.8436,1.15542,0.6942,0.65484,0.69899,0.46495,1.05704,0.91867,1.23038,0.00870805,0.00870805,0.00870805
263,105143,0.99804,0.84383,1.15241,0.6923,0.65612,0.69885,0.46494,1.05783,0.91895,1.23105,0.0087031,0.0087031,0.0087031
264,105541,0.99783,0.84742,1.15336,0.69284,0.65571,0.69864,0.46499,1.05783,0.91913,1.23117,0.00869815,0.00869815,0.00869815
265,105940,0.99555,0.84592,1.14937,0.69293,0.65556,0.69867,0.46502,1.05824,0.91873,1.23143,0.0086932,0.0086932,0.0086932
266,106340,0.99796,0.84673,1.15144,0.69414,0.65416,0.6988,0.46494,1.05832,0.91864,1.23153,0.00868825,0.00868825,0.00868825
267,106739,0.99183,0.84538,1.15251,0.69451,0.65463,0.69855,0.46501,1.05814,0.91839,1.2315,0.0086833,0.0086833,0.0086833
268,107140,0.99133,0.84342,1.14971,0.69455,0.65416,0.69877,0.46503,1.05769,0.91849,1.23129,0.00867835,0.00867835,0.00867835
269,107542,0.99339,0.84294,1.15026,0.69316,0.65509,0.69899,0.46494,1.05819,0.91781,1.23163,0.0086734,0.0086734,0.0086734
270,107943,0.99351,0.84302,1.14978,0.69363,0.65463,0.69886,0.46492,1.05819,0.91816,1.23149,0.00866845,0.00866845,0.00866845
271,108347,0.99615,0.84687,1.15366,0.69405,0.65395,0.6987,0.46491,1.05815,0.91845,1.23144,0.0086635,0.0086635,0.0086635
272,108751,0.99559,0.844,1.15141,0.69367,0.65463,0.69869,0.46494,1.05795,0.91842,1.23138,0.00865855,0.00865855,0.00865855
273,109152,0.99345,0.84424,1.15065,0.69274,0.65561,0.69887,0.46484,1.05804,0.9178,1.23173,0.0086536,0.0086536,0.0086536
274,109554,0.99579,0.8437,1.15001,0.69184,0.6562,0.69883,0.4649,1.058,0.91755,1.23197,0.00864865,0.00864865,0.00864865
275,109954,0.99326,0.84358,1.14998,0.69038,0.65673,0.6987,0.46475,1.0577,0.91804,1.23175,0.0086437,0.0086437,0.0086437
276,110352,0.99589,0.84507,1.15083,0.6892,0.65837,0.69858,0.46493,1.05764,0.91823,1.23161,0.00863875,0.00863875,0.00863875
277,110754,0.9967,0.84577,1.1531,0.68993,0.65762,0.69858,0.46475,1.05755,0.91822,1.23189,0.0086338,0.0086338,0.0086338
278,111159,0.99653,0.84543,1.15253,0.68995,0.65782,0.69888,0.4646,1.05744,0.91807,1.2317,0.00862885,0.00862885,0.00862885
279,111560,0.98981,0.84257,1.14878,0.69052,0.65807,0.69889,0.46465,1.05723,0.91803,1.23146,0.0086239,0.0086239,0.0086239
280,111959,0.99432,0.84407,1.14957,0.69204,0.65634,0.69857,0.4649,1.05733,0.91832,1.23135,0.00861895,0.00861895,0.00861895
281,112360,0.99616,0.84108,1.1504,0.69322,0.65595,0.69883,0.46492,1.05763,0.91802,1.23165,0.008614,0.008614,0.008614
282,112761,0.99036,0.84027,1.14916,0.69346,0.65514,0.69889,0.4651,1.0575,0.91825,1.23152,0.00860905,0.00860905,0.00860905
283,113162,0.99591,0.84078,1.15023,0.69407,0.6542,0.69889,0.46498,1.0579,0.918,1.23156,0.0086041,0.0086041,0.0086041
284,113562,0.99313,0.84091,1.15134,0.69441,0.65411,0.69853,0.46484,1.0577,0.91818,1.2313,0.00859915,0.00859915,0.00859915
285,113963,0.99158,0.83659,1.14949,0.69408,0.65484,0.69871,0.46485,1.05743,0.91784,1.23134,0.0085942,0.0085942,0.0085942
286,114363,0.99559,0.84008,1.15149,0.69436,0.65501,0.69846,0.46466,1.05727,0.91822,1.23132,0.00858925,0.00858925,0.00858925
287,114763,0.99169,0.8403,1.1491,0.69286,0.65607,0.69871,0.46474,1.05741,0.91844,1.2314,0.0085843,0.0085843,0.0085843
288,115163,0.99213,0.8459,1.15249,0.69315,0.65514,0.69871,0.46472,1.05746,0.91829,1.2315,0.00857935,0.00857935,0.00857935
289,115563,0.99329,0.84271,1.1494,0.69274,0.65531,0.69907,0.46476,1.05755,0.91832,1.23156,0.0085744,0.0085744,0.0085744
290,115966,0.99135,0.84338,1.14852,0.69317,0.655,0.69902,0.46467,1.05766,0.9181,1.23182,0.00856945,0.00856945,0.00856945
291,116365,0.99179,0.83786,1.14675,0.69029,0.65782,0.69929,0.46457,1.0577,0.91813,1.23171,0.0085645,0.0085645,0.0085645
292,116767,0.9926,0.84289,1.14908,0.69045,0.65808,0.69932,0.46464,1.05754,0.91864,1.23166,0.00855955,0.00855955,0.00855955
293,117170,0.99104,0.84218,1.14882,0.6918,0.65663,0.69906,0.46439,1.05736,0.91862,1.23157,0.0085546,0.0085546,0.0085546
294,117571,0.9926,0.84215,1.15033,0.69152,0.65748,0.69938,0.46442,1.05686,0.91872,1.2312,0.00854965,0.00854965,0.00854965
295,117972,0.98891,0.83524,1.14766,0.69246,0.65684,0.69964,0.46468,1.0567,0.91885,1.23122,0.0085447,0.0085447,0.0085447
296,118374,0.98778,0.83419,1.14557,0.69334,0.65599,0.69963,0.46491,1.0567,0.91866,1.23128,0.00853975,0.00853975,0.00853975
297,118777,0.99033,0.83535,1.14787,0.69178,0.65637,0.69924,0.46486,1.05683,0.9187,1.23189,0.0085348,0.0085348,0.0085348
298,119179,0.98924,0.83871,1.14596,0.69118,0.65586,0.69931,0.46494,1.05706,0.91891,1.23205,0.00852985,0.00852985,0.00852985
299,119580,0.98907,0.84043,1.14844,0.69204,0.65467,0.69886,0.46464,1.05653,0.91902,1.23174,0.0085249,0.0085249,0.0085249
300,119980,0.98982,0.83973,1.15166,0.69108,0.65565,0.69904,0.4645,1.05702,0.91886,1.23225,0.00851995,0.00851995,0.00851995
301,120380,0.98854,0.83832,1.14942,0.6931,0.65399,0.69913,0.46465,1.05694,0.91889,1.23222,0.008515,0.008515,0.008515
302,120779,0.98975,0.84055,1.14629,0.69185,0.65505,0.69906,0.46463,1.05706,0.91928,1.23203,0.00851005,0.00851005,0.00851005
303,121179,0.98832,0.83909,1.14594,0.69298,0.65461,0.69925,0.46448,1.05686,0.91924,1.23162,0.0085051,0.0085051,0.0085051
304,121581,0.98809,0.83892,1.14755,0.69379,0.65423,0.69897,0.46446,1.05665,0.91949,1.23162,0.00850015,0.00850015,0.00850015
305,121985,0.98656,0.83511,1.14818,0.69425,0.65492,0.69935,0.46474,1.05643,0.91962,1.23168,0.0084952,0.0084952,0.0084952
306,122387,0.98776,0.83889,1.14768,0.69315,0.65572,0.69936,0.46473,1.0569,0.91976,1.2318,0.00849025,0.00849025,0.00849025
307,122789,0.98987,0.83989,1.14896,0.69158,0.65663,0.69924,0.46473,1.05701,0.91961,1.23187,0.0084853,0.0084853,0.0084853
308,123191,0.98789,0.83631,1.14771,0.69296,0.65509,0.69943,0.46475,1.05708,0.91984,1.23192,0.00848035,0.00848035,0.00848035
309,123592,0.98733,0.83697,1.14796,0.69209,0.65628,0.69951,0.4647,1.05687,0.92042,1.23187,0.0084754,0.0084754,0.0084754
310,123992,0.99,0.83829,1.14852,0.69216,0.65667,0.69961,0.46456,1.05657,0.92065,1.23197,0.00847045,0.00847045,0.00847045
311,124392,0.98844,0.83668,1.1469,0.69221,0.65607,0.6995,0.46472,1.05647,0.92046,1.232,0.0084655,0.0084655,0.0084655
312,124792,0.98644,0.83638,1.14511,0.69176,0.65632,0.69949,0.4647,1.05697,0.92043,1.23186,0.00846055,0.00846055,0.00846055
313,125192,0.98631,0.83585,1.1465,0.69111,0.65624,0.69929,0.4645,1.0569,0.92038,1.2319,0.0084556,0.0084556,0.0084556
314,125593,0.98561,0.83869,1.14563,0.69171,0.65615,0.6992,0.46455,1.05712,0.92057,1.23189,0.00845065,0.00845065,0.00845065
315,125993,0.98513,0.83678,1.14507,0.69367,0.65458,0.6992,0.46457,1.05697,0.92068,1.23198,0.0084457,0.0084457,0.0084457
316,126394,0.98595,0.83689,1.14784,0.69198,0.65547,0.69925,0.46445,1.05635,0.92093,1.23162,0.00844075,0.00844075,0.00844075
317,126794,0.98517,0.8341,1.14488,0.69082,0.65667,0.6992,0.46443,1.05686,0.92145,1.23198,0.0084358,0.0084358,0.0084358
318,127194,0.98605,0.83836,1.1486,0.69258,0.65509,0.69883,0.46428,1.05686,0.92159,1.23208,0.00843085,0.00843085,0.00843085
319,127594,0.98103,0.83484,1.14395,0.693,0.65531,0.69861,0.46431,1.05682,0.92199,1.23214,0.0084259,0.0084259,0.0084259
320,127994,0.98461,0.83522,1.14448,0.69196,0.65722,0.69867,0.46424,1.05734,0.92171,1.23237,0.00842095,0.00842095,0.00842095
321,128395,0.98696,0.83258,1.14625,0.6915,0.65799,0.69896,0.46421,1.05768,0.92154,1.23268,0.008416,0.008416,0.008416
322,128795,0.98199,0.83623,1.14523,0.69124,0.65786,0.69887,0.46411,1.05777,0.9217,1.23292,0.00841105,0.00841105,0.00841105
323,129195,0.9827,0.83347,1.14261,0.69212,0.65769,0.69884,0.46415,1.05802,0.92147,1.23303,0.0084061,0.0084061,0.0084061
